instrument_id,symbol,bid,ask,spread,timestamp
I008,BAC,33.9700,34.0368,0.0668,2024-01-15T14:55:11.324Z
I013,USDJPY,149.9900,150.1774,0.1874,2024-01-15T14:05:40.436Z
I014,CL,73.3800,73.4487,0.0687,2024-01-15T10:56:55.761Z
I014,CL,72.4400,72.4830,0.0430,2024-01-15T11:45:01.860Z
I011,EURUSD,1.0800,1.0817,0.0017,2024-01-15T13:54:39.641Z
I004,AMZN,184.3400,184.3859,0.0459,2024-01-15T12:06:02.240Z
I005,TSLA,244.0900,244.5307,0.4407,2024-01-15T10:14:00.141Z
I003,GOOGL,140.6600,140.8611,0.2011,2024-01-15T15:55:47.219Z
I002,MSFT,404.1700,404.4653,0.2953,2024-01-15T13:44:27.425Z
I001,AAPL,176.9300,177.0903,0.1603,2024-01-15T14:48:59.968Z
I012,GBPUSD,1.2500,1.2522,0.0022,2024-01-15T14:44:24.389Z
I008,BAC,33.3000,33.3260,0.0260,2024-01-15T13:02:59.873Z
I015,GC,2073.1200,2074.9529,1.8329,2024-01-15T14:28:15.819Z
I010,C,53.7300,53.7846,0.0546,2024-01-15T11:59:03.446Z
I008,BAC,33.3200,33.3450,0.0250,2024-01-15T15:40:54.817Z
I007,GS,387.6900,388.3435,0.6535,2024-01-15T10:39:42.637Z
I009,WFC,48.5000,48.5418,0.0418,2024-01-15T14:38:13.678Z
I001,AAPL,176.2700,176.4332,0.1632,2024-01-15T13:42:08.186Z
I001,AAPL,177.2200,177.3489,0.1289,2024-01-15T13:38:19.334Z
I006,JPM,196.9300,197.0903,0.1603,2024-01-15T13:20:13.258Z
I014,CL,71.5900,71.5999,0.0099,2024-01-15T14:24:35.053Z
I006,JPM,193.7800,193.8250,0.0450,2024-01-15T15:25:56.041Z
I013,USDJPY,146.1600,146.2445,0.0845,2024-01-15T09:41:07.636Z
I003,GOOGL,140.6900,140.8318,0.1418,2024-01-15T10:32:28.577Z
I004,AMZN,185.4100,185.5189,0.1089,2024-01-15T12:51:27.171Z
I010,C,53.2700,53.3508,0.0808,2024-01-15T10:32:33.796Z
I014,CL,71.7700,71.8201,0.0501,2024-01-15T14:46:02.026Z
I015,GC,2033.7600,2036.5967,2.8367,2024-01-15T12:54:58.406Z
I012,GBPUSD,1.2600,1.2616,0.0016,2024-01-15T15:12:33.248Z
I002,MSFT,407.6000,407.8727,0.2727,2024-01-15T15:43:41.614Z
I013,USDJPY,146.5600,146.8519,0.2919,2024-01-15T09:52:25.355Z
I009,WFC,49.0900,49.1296,0.0396,2024-01-15T14:06:19.663Z
I006,JPM,192.5400,192.7155,0.1755,2024-01-15T13:57:42.108Z
I007,GS,390.4200,390.9236,0.5036,2024-01-15T13:41:04.724Z
I003,GOOGL,141.5300,141.7419,0.2119,2024-01-15T15:25:14.276Z
I010,C,53.5900,53.6496,0.0596,2024-01-15T13:54:03.476Z
I007,GS,388.8600,389.3320,0.4720,2024-01-15T12:26:01.872Z
I004,AMZN,187.4400,187.4891,0.0491,2024-01-15T13:36:11.249Z
I013,USDJPY,148.0900,148.2767,0.1867,2024-01-15T12:56:58.344Z
I001,AAPL,178.4700,178.5981,0.1281,2024-01-15T13:56:16.217Z
I006,JPM,197.1500,197.2959,0.1459,2024-01-15T14:55:34.718Z
I015,GC,2031.5700,2031.8140,0.2440,2024-01-15T11:14:20.087Z
I004,AMZN,186.8300,187.0209,0.1909,2024-01-15T11:41:14.707Z
I008,BAC,33.9500,33.9849,0.0349,2024-01-15T09:39:25.095Z
I005,TSLA,243.2500,243.5970,0.3470,2024-01-15T12:17:13.679Z
I010,C,52.8900,52.9511,0.0611,2024-01-15T12:37:44.435Z
I012,GBPUSD,1.2700,1.2710,0.0010,2024-01-15T13:37:48.277Z
I005,TSLA,243.4700,243.5508,0.0808,2024-01-15T11:15:10.323Z
I002,MSFT,408.1500,408.9226,0.7726,2024-01-15T15:46:55.189Z
I004,AMZN,184.0200,184.2093,0.1893,2024-01-15T14:51:59.778Z
I009,WFC,49.3400,49.4366,0.0966,2024-01-15T11:16:00.303Z
I004,AMZN,184.8300,184.9552,0.1252,2024-01-15T15:56:40.546Z
I003,GOOGL,140.8400,141.1167,0.2767,2024-01-15T14:32:12.299Z
I012,GBPUSD,1.2800,1.2817,0.0017,2024-01-15T13:58:05.105Z
I014,CL,71.4400,71.4864,0.0464,2024-01-15T13:51:26.451Z
I006,JPM,193.5500,193.5886,0.0386,2024-01-15T13:50:54.116Z
I014,CL,71.5500,71.6250,0.0750,2024-01-15T14:45:07.644Z
I011,EURUSD,1.0700,1.0704,0.0004,2024-01-15T14:37:23.971Z
I005,TSLA,242.2500,242.3902,0.1402,2024-01-15T14:34:46.782Z
I007,GS,386.3300,386.9471,0.6171,2024-01-15T11:33:15.794Z
I009,WFC,49.0200,49.1098,0.0898,2024-01-15T12:12:23.880Z
I010,C,53.8800,53.9161,0.0361,2024-01-15T15:09:09.061Z
I010,C,53.8300,53.8453,0.0153,2024-01-15T11:23:28.640Z
I004,AMZN,184.2900,184.3372,0.0472,2024-01-15T11:40:59.177Z
I009,WFC,48.5700,48.5752,0.0052,2024-01-15T13:36:02.705Z
I010,C,53.0500,53.0586,0.0086,2024-01-15T12:07:20.723Z
I005,TSLA,246.7900,247.0261,0.2361,2024-01-15T15:45:24.239Z
I015,GC,2030.8500,2034.1294,3.2794,2024-01-15T14:52:06.677Z
I013,USDJPY,150.1800,150.3146,0.1346,2024-01-15T14:27:24.230Z
I011,EURUSD,1.0800,1.0807,0.0007,2024-01-15T10:47:40.073Z
I001,AAPL,176.7100,176.8322,0.1222,2024-01-15T14:40:51.943Z
I005,TSLA,244.8500,245.0930,0.2430,2024-01-15T12:16:04.716Z
I007,GS,390.2100,390.6147,0.4047,2024-01-15T13:59:40.448Z
I002,MSFT,406.3900,407.1153,0.7253,2024-01-15T12:26:01.618Z
I005,TSLA,241.8100,241.9412,0.1312,2024-01-15T15:38:15.856Z
I014,CL,72.6600,72.7982,0.1382,2024-01-15T15:37:09.841Z
I005,TSLA,245.8600,246.2402,0.3802,2024-01-15T11:05:40.481Z
I009,WFC,49.4200,49.5106,0.0906,2024-01-15T11:09:07.599Z
I007,GS,386.6600,387.0583,0.3983,2024-01-15T10:19:49.481Z
I006,JPM,194.8600,194.9987,0.1387,2024-01-15T10:27:07.878Z
